Volcano Number,Volcano Name,rgi_region,Latitude,Longitude,n_glac,A_glac_km2,LR_s,LR_p,LR_r,MK_s,MK_p,MK_r,SR_r,SR_p,Erupted,f_erupt
311120,Great Sitkin,01_alaska,52.076,-176.13,9,4.84131475139482,-0.06077525480638074,0.14211033184360006,-0.5300850466483774,-14.93452500000004,0.11785089502136503,-0.4444444444444444,-0.5499999999999999,0.12497678418833198,0,0.0
311160,Atka Volcanic Complex,01_alaska,52.331,-174.139,10,12.932390288371222,-0.07483697765607761,0.007668008249201717,-0.7808820391084951,-35.15715666666669,0.03182312738649018,-0.5555555555555556,-0.6848484848484848,0.02888279750673276,1,0.35
311270,Vsevidof,01_alaska,53.13,-168.693,12,17.07583563821252,-0.07487187902504505,0.009593737299899818,-0.7105936757204036,-33.565085555555555,0.06410357671243583,-0.42424242424242425,-0.5884422334042109,0.044144774219063064,0,0.0
311280,Recheschnoi,01_alaska,53.157,-168.539,14,36.690577690716005,0.001924438342182904,0.9426846941985967,0.021188599727750414,4.006075,0.6614159170078631,0.0989010989010989,0.06813186813186813,0.8169838797817922,0,0.0
311310,Makushin,01_alaska,53.891,-166.923,16,43.42015112236783,-0.05687371717246856,0.09110258872505018,-0.4363195393105169,-9.75269285714286,0.26035056965599135,-0.21666666666666667,-0.3147058823529411,0.23515831926634445,1,0.1
311320,Akutan,01_alaska,54.134,-165.986,5,1.3603252604549239,0.033110428422415135,0.4825239976836304,0.4190327487322901,14.583960000000047,0.80649594050734,0.2,0.19999999999999998,0.747060078104662,1,0.25
311340,Westdahl,01_alaska,54.516,-164.65,12,111.46864792953915,-0.02129989463395837,0.2633997470370819,-0.3509118630021769,-9.630681249999995,0.5371338571769022,-0.15151515151515152,-0.21678321678321683,0.49855598552418856,1,0.05
311360,Shishaldin,01_alaska,54.756,-163.97,10,55.439372192566346,-3.6592445568189738,0.029138759839425942,-0.6840692318491692,-49.378900000000044,0.07363827012030266,-0.4666666666666667,-0.6484848484848483,0.04254012768448945,1,0.45
311380,Roundtop,01_alaska,54.8,-163.589,12,36.769442453449884,-0.025948166781812547,0.3299575676879293,-0.308074614041383,-17.306257500000005,0.303673214899419,-0.24242424242424243,-0.46153846153846156,0.13094806950717278,0,0.0
312010,Frosty,01_alaska,55.067,-162.835,15,10.238540174706175,-0.07830630491282278,0.005441382325017629,-0.67830989579354,-24.246969090909086,0.010072435153279713,-0.5047619047619047,-0.657142857142857,0.007770251358668445,0,0.0
312011,Dutton,01_alaska,55.183,-162.276,7,3.7994329926536943,-0.15122092018160624,0.2938247139521914,-0.4643784699494433,-11.598790000000008,0.7638905934705396,-0.14285714285714285,-0.1785714285714286,0.7016579425162729,0,0.0
312020,Emmons Lake Volcanic Center,01_alaska,55.3519,-162.0445,4,11.874893531477468,0.021000750617916293,0.7058310150962915,0.2941689849037081,43.31190999999999,0.7340951823194757,0.3333333333333333,0.39999999999999997,0.6,0,0.0
312030,Pavlof,01_alaska,55.417,-161.894,17,53.614248024969456,-0.14727788782055506,0.0032353183192487854,-0.6877334842972926,-25.194251666666695,0.005781798478456501,-0.5,-0.7529411764705882,0.0007610810731946071,1,0.2
312040,Pavlof Sister,01_alaska,55.457,-161.854,18,20.395446473616165,0.03923591457306795,0.9236561838364714,0.03494266363327013,4.2565333333333415,0.44871801561914504,0.13725490196078433,0.22424242424242422,0.5334005612725947,0,0.0
312050,Dana,01_alaska,55.641,-161.214,2,0.139453288389542,,,,,,,,,0,0.0
312055,Stepovak Bay Group,01_alaska,55.917,-160.017,22,27.856302531363863,-0.014349869794909379,0.5648135738675951,-0.12979637864679314,-1.9376433333333505,0.7350804926819565,-0.05627705627705628,-0.0852625635234331,0.7059795704811164,0,0.0
312060,Kupreanof,01_alaska,56.011,-159.797,15,26.96817289054563,-0.0928378192741002,0.03075072483113099,-0.5577199642201803,-29.242185714285693,0.19821061903884285,-0.2571428571428571,-0.42857142857142855,0.11096021426087677,0,0.0
312070,Veniaminof,01_alaska,56.17,-159.38,8,226.44708153206685,-0.04376332789178472,0.4131624782879956,-0.3377969868320548,-59.50415833333331,0.2655103889538737,-0.35714285714285715,-0.4047619047619048,0.3198886412288162,1,0.45
312090,Aniakchak,01_alaska,56.88,-158.17,14,4.540053820583081,0.1012278337103244,0.005808266878887321,0.6948874270049902,27.288009999999996,0.0487449207397066,0.4065934065934066,0.6923076923076923,0.006071048749990052,0,0.0
312100,Yantarni,01_alaska,57.019,-157.185,8,4.312727845084742,-0.052746459661033196,0.0045654529711591065,-0.8737594431580289,-20.07124166666666,0.0044340083031007005,-0.8571428571428571,-0.9523809523809524,0.00026040002438725105,0,0.0
312110,Chiginagak,01_alaska,57.135,-156.99,17,18.584520226350783,-0.1254939005844607,0.07248067304723885,-0.4463726557464692,-16.410633333333344,0.20161232353469583,-0.23529411764705882,-0.34068627450980393,0.18085079957050149,1,0.05
312120,Kialagvik,01_alaska,57.203,-156.745,17,29.2713384719025,0.015346101623338557,0.5032588969704307,0.1743776566833268,3.6662256410256293,0.5923012814329898,0.10294117647058823,0.20833333333333337,0.4223129818009653,0,0.0
312140,Martin,01_alaska,58.172,-155.361,21,44.77273703501788,-0.007649316914310016,0.7911333160631739,-0.06717540226522052,-0.27607626262625684,0.927817769226368,-0.01904761904761905,-0.20330237358101136,0.4184467334719628,0,0.0
312150,Mageik,01_alaska,58.195,-155.253,17,40.658134964421414,-0.11335434480176634,0.00849835758300677,-0.6515629303389107,-18.20526,0.0356564176022276,-0.38235294117647056,-0.3252905677826704,0.2367819099085197,0,0.0
312160,Trident,01_alaska,58.236,-155.1,4,24.03403459347954,0.011431266447326598,0.8285994091151595,0.17140059088484058,10.391966666666729,1.0,0.0,0.19999999999999998,0.8,0,0.0
312170,Katmai,01_alaska,58.279,-154.9533,16,83.64521443117914,-0.03615195457158879,0.1752449002418922,-0.4003447722806763,-12.600933333333344,0.09574665647381542,-0.31666666666666665,-0.34065934065934067,0.2547064607541252,0,0.0
312180,Novarupta,01_alaska,58.2655,-155.1588,2,21.956384276948654,,,,,,,,,0,0.0
312190,Griggs,01_alaska,58.354,-155.092,8,9.778255680093523,-0.10451101935890647,0.14173946167239995,-0.5681781355097657,-68.92758333333325,0.035447892552460836,-0.6428571428571429,-0.7380952380952381,0.03655276105286081,0,0.0
312200,Snowy Mountain,01_alaska,58.336,-154.682,12,145.7623059184278,-0.04837545319440726,0.14453459058691917,-0.44760383162020556,-19.468668750000006,0.24372228477217428,-0.2727272727272727,-0.3356643356643357,0.2861229029149875,0,0.0
312210,Denison,01_alaska,58.418,-154.449,13,184.4922585966284,2.4732983876056547e-06,0.9999206959110184,3.222515383643247e-05,-10.6277,0.24638736002924677,-0.2564102564102564,-0.2517482517482518,0.42991878503288405,0,0.0
312220,Steller,01_alaska,58.43,-154.4,11,200.42571562977938,,,,,,,,,0,0.0
312230,Kukak,01_alaska,58.453,-154.355,13,157.88434258589407,-0.01106944884051923,0.7675188834669789,-0.09562483605791719,-19.44106875,0.09950873215916967,-0.358974358974359,-0.5524475524475525,0.06251148327961512,0,0.0
312260,Fourpeaked,01_alaska,58.77,-153.672,13,176.8581647624326,-0.02189548044218398,0.11598912802225876,-0.45747755014291264,-12.835892380952412,0.07685087226788867,-0.38461538461538464,-0.4835164835164835,0.0941346925969393,1,0.05
312270,Douglas,01_alaska,58.855,-153.542,9,181.11864673087987,0.010306993010143317,0.8355128730832816,0.08118705062998412,8.742919999999998,0.7544541774940892,0.1111111111111111,0.11666666666666665,0.7650079429261462,0,0.0
313020,Iliamna,01_alaska,60.032,-153.09,13,221.51298896131703,0.09842447651372867,0.05886629436137751,0.5362551056035678,29.03833750000001,0.2996654484343022,0.23076923076923078,0.35714285714285715,0.23092986230203402,0,0.0
313030,Redoubt,01_alaska,60.485,-152.742,19,85.50209143444873,-0.007919901916118851,0.8665811288482297,-0.04133218385556016,-3.677729411764711,0.6242768461207495,-0.08771929824561403,-0.18070175438596495,0.4591089856621523,1,0.05
313040,Spurr,01_alaska,61.299,-152.251,10,334.9432106990471,0.05309536813730177,0.49061965917701944,0.2474654440068344,20.636455555555536,0.8580276569875211,0.06666666666666667,0.23636363636363633,0.5108853175152002,1,0.05
313050,Hayes,01_alaska,61.64,-152.411,2,365.0237892012826,,,,,,,,,0,0.0
315020,Wrangell,01_alaska,62.006,-144.017,5,518.5661055965647,-0.032586320926349645,0.558457864790598,-0.354348206978536,-56.5490125,0.4624327264504764,-0.4,-0.49999999999999994,0.39100221895577053,1,0.1
315030,Churchill,01_alaska,61.38,-141.75,4,1913.2486405359743,1.124160214868518,0.15670137669336404,0.8432986233066359,295.78964999999994,0.08942935902899363,1.0,1.0,0.0,0,0.0
320060,Edziza,01_alaska,57.72,-130.63,23,50.494099340219776,-0.10271662720386268,2.3744506020841142e-07,-0.8527187649253997,-21.22781249999997,9.123964935353612e-06,-0.6679841897233202,-0.8270750988142292,1.1368640281993547e-06,0,0.0
320070,Spectrum Range,01_alaska,57.43,-130.68,13,9.741767973349198,-0.04523988334414,0.03617865168806688,-0.5838289233045295,-21.661167499999998,0.03273560958832067,-0.46153846153846156,-0.6263736263736264,0.02198860240988966,0,0.0
320080,Hoodoo Mountain,01_alaska,56.78,-131.28,10,140.90537431359422,-0.0733529719095316,0.232043326409412,-0.4158056991261339,-0.39351999999998954,1.0,-0.022222222222222223,-0.13939393939393938,0.7009318849100584,0,0.0
320090,Iskut-Unuk River Cones,01_alaska,56.567,-130.75,21,33.801288247712684,-0.04412687351133597,0.2208877300922433,-0.27887310279837596,-6.24241166666666,0.13896689395673345,-0.23809523809523808,-0.2896103896103896,0.20287731652328853,0,0.0
320160,Silverthrone,02_western_canada_usa,51.5179,-126.1133,7,558.214327644761,0.019940281082267735,0.6820117634397066,0.19076245632180788,28.34039999999997,1.0,0.047619047619047616,0.14285714285714288,0.7599453002180929,0,0.0
320170,Bridge River Cones,02_western_canada_usa,50.8,-123.4,14,16.374643623001308,0.008569889060689815,0.5144149991333777,0.19039459342630577,4.223400000000038,0.2735614117247491,0.23076923076923078,0.2835164835164835,0.32596594744177265,0,0.0
320180,Meager,02_western_canada_usa,50.63,-123.5,14,21.241247360421408,0.002911450215495874,0.9359835769648928,0.02367029101705699,2.9282874999999535,0.9128140271840748,0.03296703296703297,0.02417582417582418,0.9346189946036425,0,0.0
320190,Garibaldi Lake,02_western_canada_usa,49.933,-123.0,13,21.34102134112404,0.0418512984181236,0.3068641671079275,0.3396209887361537,-7.721342500000037,0.5829505577618919,-0.1282051282051282,0.38181818181818183,0.24655957577897006,0,0.0
320200,Garibaldi,02_western_canada_usa,49.85,-123.0,11,22.85973416420755,-0.07095256824886614,0.16684264667593868,-0.44816077658400744,-26.035300000000007,0.16112494928905186,-0.34545454545454546,-0.5181818181818182,0.10249153979096383,0,0.0
320811,Cayley Volcanic Field,02_western_canada_usa,50.12,-123.28,13,21.70333445511243,-0.00942558898704638,0.6346868802810216,-0.1457594377014652,0.5793666666666316,0.9513521309544037,0.02564102564102564,0.005494505494505494,0.9857869107140623,0,0.0
321010,Baker,02_western_canada_usa,48.777,-121.813,39,45.55002267813537,-0.06781014852654751,0.0023108551508553275,-0.4738375221467985,-8.62832,0.0015276420733090212,-0.3549257759784076,-0.4801619433198381,0.0019779241265076635,0,0.0
321020,Glacier Peak,02_western_canada_usa,48.112,-121.113,49,28.95579655158715,-0.08990297260150362,3.265676176172721e-11,-0.7820238866475131,-9.276372093023255,6.393043872066073e-10,-0.6105442176870748,-0.7859183673469387,2.2399467841326575e-11,0,0.0
321030,Rainier,02_western_canada_usa,46.853,-121.76,55,86.13677374577578,-0.20360924986624002,3.6333101587882745e-06,-0.5790427664322361,-14.216399999999993,6.623429205099285e-08,-0.5016835016835017,-0.6676767676767678,2.577374542071955e-08,0,0.0
321040,Adams,02_western_canada_usa,46.206,-121.49,75,23.30132548631447,-0.19285394375061363,1.705886305053846e-17,-0.7947902603591486,-9.626283333333335,0.0,-0.6742342342342342,-0.85524893314367,1.563047452005002e-22,0,0.0
321050,St. Helens,02_western_canada_usa,46.2,-122.18,10,2.065966643234606,0.0341374397213245,0.7684471634937253,0.10707181604003664,-9.763975000000016,0.7205147871362552,-0.1111111111111111,-0.06666666666666665,0.8548130882487426,1,0.1
322010,Hood,02_western_canada_usa,45.374,-121.695,96,21.956070467402114,-0.20186806609724456,3.099972242233444e-29,-0.8601618319840032,-6.686391865079365,0.0,-0.6960526315789474,-0.8691128594682582,1.7167986806861843e-30,0,0.0
322020,Jefferson,02_western_canada_usa,44.674,-121.8,30,5.499674141418425,-0.2703602992652431,2.341692235896139e-10,-0.8758122360593019,-21.809370000000012,6.0209035535052635e-09,-0.7517241379310344,-0.9101223581757508,3.150726046667503e-12,0,0.0
322070,Three Sisters,02_western_canada_usa,44.133,-121.767,87,9.279585554621338,0.03764239986277925,0.021112507495231515,0.24695501080679308,1.86582448979592,0.0063805250493234045,0.19914461373964182,0.31608587883648026,0.0028592789386642347,0,0.0
323010,Shasta,02_western_canada_usa,41.409,-122.193,7,4.896955209584901,-0.1289807851440296,0.19375252882792313,-0.5572415026454255,-43.882574999999974,0.07150541644487451,-0.6190476190476191,-0.642857142857143,0.11939237342741094,0,0.0
323080,Lassen Volcanic Center,02_western_canada_usa,40.492,-121.508,8,0.147794755172832,-0.3832669197954581,0.09768610731327344,-0.6247873658386179,-60.75266666666672,0.06348653056076747,-0.5714285714285714,-0.7142857142857144,0.04652823228416724,0,0.0
370010,Snaefellsjokull,06_iceland,64.8,-23.783,8,12.545263496533671,-0.15968710375284056,0.07576047844153709,-0.658576673742893,-38.890180952380945,0.035447892552460836,-0.6428571428571429,-0.8333333333333335,0.01017554012345675,0,0.0
371070,Prestahnukur,06_iceland,64.583,-20.666,16,197.7614666496132,-0.003475735046953662,0.8902985720997582,-0.037512700101601584,-0.5277553571428533,0.964089361267912,-0.016666666666666666,-0.014705882352941175,0.956891924031642,0,0.0
371080,Oddnyjarhnjukur-Langjokull,06_iceland,64.85,-19.7,2,71.79480637483351,,,,,,,,,0,0.0
371090,Hofsjokull,06_iceland,64.833,-18.766,7,799.7111329459834,0.025580667208874933,0.33026877272061894,0.43426709338765446,19.204475000000002,0.5480055723613093,0.23809523809523808,0.3214285714285715,0.4820720382996776,0,0.0
372020,Eyjafjallajokull,06_iceland,63.633,-19.633,13,76.80502783121777,-0.02117599415218549,0.201208276258333,-0.3792746477192268,-5.4063763888888925,0.16055589143580895,-0.3076923076923077,-0.39560439560439564,0.1808891631049407,1,0.05
372030,Katla,06_iceland,63.633,-19.083,5,369.9243592234824,0.02971813012729438,0.5780665078876752,0.33793262482860964,51.63619833333334,0.4624327264504764,0.4,0.6,0.28475697986529375,1,0.05
372040,Tindfjallajokull,06_iceland,63.783,-19.716,3,4.552898814005536,,,,,,,,,0,0.0
372050,Torfajokull,06_iceland,63.892,-19.122,7,11.65196725384415,-0.015244946125818485,0.01788858904982175,-0.8404427410012492,-14.574233333333305,0.035498131320662596,-0.7142857142857143,-0.8928571428571429,0.006807187408935392,0,0.0
372070,Hekla,06_iceland,63.983,-19.666,2,0.29069387884433195,,,,,,,,,1,0.1
373010,Grimsvotn,06_iceland,64.416,-17.316,3,2318.700743840358,,,,,,,,,1,0.15
373012,Thordarhyrna,06_iceland,64.267,-17.617,2,2318.5262619007244,,,,,,,,,0,0.0
373030,Bardarbunga,06_iceland,64.633,-17.516,8,3004.944285327815,-0.07678195271082042,0.35794928341807947,-0.37649159368715124,-15.89868333333332,0.9015386266571279,-0.07142857142857142,-0.09523809523809526,0.8225054302036114,1,0.45
373040,Tungnafellsjokull,06_iceland,64.75,-17.916,7,38.43666032273623,0.08418889233193304,0.32136169152638194,0.4414874689384571,15.695366666666663,0.36752073824214304,0.3333333333333333,0.42857142857142866,0.337368311085824,0,0.0
373050,Kverkfjoll,06_iceland,64.653,-16.647,11,2527.373919775382,-0.04351053209668461,0.5773442965877773,-0.18923281383483315,-26.62827142857142,0.35020138917929566,-0.23636363636363636,-0.30000000000000004,0.37008312228206786,0,0.0
374010,Oraefajokull,06_iceland,64.0,-16.65,12,177.3427856240977,-0.10307893984388904,0.0019267485089861998,-0.7965984934311935,-38.720237499999996,0.016393316888809073,-0.5454545454545454,-0.6853146853146854,0.013905968814362752,0,0.0
374020,Esjufjoll,06_iceland,64.25,-16.583,1,1067.744236783819,,,,,,,,,0,0.0
374801,Snaefell,06_iceland,64.798,-15.56,8,4.519740485621188,-0.2435134204338122,0.07694378090013386,-0.6566175519343607,-59.54541249999997,0.10776229039192153,-0.5,-0.6904761904761906,0.057990318164572716,0,0.0
376010,Jan Mayen,07_svalbard_jan_mayen,71.082,-8.155,26,115.20600789815332,-0.06486018168118154,1.6775839149418312e-05,-0.7380992009856059,-12.274070000000014,0.0008071950066894651,-0.4707692307692308,-0.6642735042735042,0.0002149371023737052,0,0.0
283080,Midagahara,10_north_asia,36.571,137.59,1,0.074051715885629,,,,,,,,,0,0.0
300010,Kambalny,10_north_asia,51.306,156.875,14,1.9415602667763132,-0.1259108301753004,0.0014439551028712315,-0.7647008651397593,-43.44100000000003,0.00012703221709875478,-0.7802197802197802,-0.9032967032967033,9.558659401055547e-06,0,0.0
300020,Koshelev,10_north_asia,51.356,156.753,12,1.3456613386162348,-0.10106708894690779,0.02123735319944963,-0.6533092487495076,-24.33809999999997,0.14986074751304912,-0.3333333333333333,-0.41958041958041964,0.1745190081300594,0,0.0
300060,Mutnovsky,10_north_asia,52.449,158.196,17,4.608206490829413,-0.1399860740475428,1.9991471096064657e-05,-0.8445763419106863,-44.652695000000016,6.45074897815956e-05,-0.7205882352941176,-0.875,4.280115581127817e-06,1,0.1
300070,Gorely,10_north_asia,52.5549,158.0358,1,0.071799826034875,,,,,,,,,1,0.05
300083,Vilyuchinsky,10_north_asia,52.7,158.28,2,0.21344122832788598,,,,,,,,,0,0.0
300090,Koryaksky,10_north_asia,53.321,158.712,18,8.810779042302215,-0.3082460312312503,0.001765135862628368,-0.6834858636688358,-75.69626249999999,0.0050637539414915,-0.49019607843137253,-0.632610939112487,0.004841232347066894,1,0.05
300100,Avachinsky,10_north_asia,53.256,158.836,18,14.363223653451012,-0.053304420425196515,0.31225381543730646,-0.25241359333209434,-15.638191666666671,0.19780102703780056,-0.22875816993464052,-0.3085655314757482,0.2128287059586837,1,0.1
300110,Dzenzursky,10_north_asia,53.637,158.922,4,1.6012297481776279,-0.06547325217384883,0.2951960473130102,-0.7048039526869899,-83.70088333333334,0.3081795474670539,-0.6666666666666666,-0.7999999999999999,0.20000000000000007,0,0.0
300120,Zhupanovsky,10_north_asia,53.589,159.15,13,10.430833577202478,-0.048764839199851744,0.3357051373479649,-0.29044974254653233,-22.864377380952373,0.36012164775537814,-0.20512820512820512,-0.21978021978021978,0.47061485147214255,0,0.0
300140,Maly Semyachik,10_north_asia,54.135,159.674,1,0.01621122722766,,,,,,,,,0,0.0
300150,Bolshoi Semiachik,10_north_asia,54.32,160.02,3,0.8850038188917071,,,,,,,,,0,0.0
300160,Taunshits,10_north_asia,54.528,159.804,5,0.5379346238503709,-0.2810620446127229,0.032054923328136586,-0.9098396788797903,-132.18929166666663,0.08641073297370006,-0.8,-0.8999999999999998,0.03738607346849874,0,0.0
300180,Kikhpinych,10_north_asia,54.489,160.251,4,0.17877101498103,-0.05347251791609832,0.27186671429830084,-0.7281332857016989,-51.72025000000001,0.3081795474670539,-0.6666666666666666,-0.7999999999999999,0.20000000000000007,0,0.0
300190,Krasheninnikov,10_north_asia,54.596,160.27,8,0.948741616587538,-0.11361141545134384,0.0059583465219240975,-0.8616019363945904,-48.58651666666667,0.035447892552460836,-0.6428571428571429,-0.7380952380952381,0.03655276105286081,0,0.0
300200,Kronotsky,10_north_asia,54.753,160.533,12,5.799525850275379,-0.27233471576915547,0.00031565367433320467,-0.8615878993654275,-83.83382500000005,0.0004701692793138701,-0.7878787878787878,-0.9230769230769231,1.8621951098680987e-05,0,0.0
300210,Gamchen,10_north_asia,54.974,160.703,10,1.301610421702746,0.0954622647426151,0.3267064975393489,0.39958708786120706,-20.81723333333332,0.28313087066234655,-0.28888888888888886,0.11904761904761905,0.7788857260523797,0,0.0
300220,Komarov,10_north_asia,55.033,160.725,19,2.606442944272842,-0.19092307973597566,0.0002618889885207074,-0.9713884676552764,-2.4362666666666732,0.7795660645811546,-0.05263157894736842,-0.8928571428571429,0.006807187408935392,0,0.0
300221,Vysoky,10_north_asia,55.064,160.765,32,2.3265883186141982,-0.09092405860405814,0.00039481154316782263,-0.6329947028785868,-6.631573684210528,0.15829432695339385,-0.1774193548387097,-0.6153846153846154,0.0006343688817664607,0,0.0
300240,Tolbachik,10_north_asia,55.832,160.326,11,25.01733238071744,0.039282438675299604,0.6168704550332302,0.17018686324812277,14.198366666666667,0.7554968749288828,0.09090909090909091,0.10909090909090911,0.7495085962341482,0,0.0
300241,Udina,10_north_asia,55.758,160.527,4,0.303259320870732,-0.6915482874355743,0.04917436758651687,-0.9508256324134832,-132.23620000000014,0.08942935902899363,-1.0,-1.0,0.0,0,0.0
300242,Zimina,10_north_asia,55.862,160.603,8,10.40558027916908,0.05351674377388605,0.7651475431907453,0.12660089384918372,78.1109523809524,0.2655103889538737,0.35714285714285715,0.38095238095238104,0.35181255311756476,0,0.0
300250,Bezymianny,10_north_asia,55.972,160.595,3,46.1843353296408,,,,,,,,,1,1.15
300251,Kamen,10_north_asia,56.02,160.593,7,88.63961941857121,,,,,,,,,0,0.0
300260,Klyuchevskoy,10_north_asia,56.056,160.642,14,103.8595138076118,-0.9513389209543484,0.007301168298149138,-0.7277183915593252,-75.83263333333336,0.06269811626098254,-0.38461538461538464,-0.6783216783216784,0.0153173290532817,1,0.85
300261,Ushkovsky,10_north_asia,56.113,160.509,7,148.9155360929776,0.015574037676658686,0.8467095810736327,0.09066772330333508,20.469480000000022,1.0,0.047619047619047616,-0.10714285714285716,0.8191508555699912,0,0.0
300270,Sheveluch,10_north_asia,56.653,161.36,9,16.800808839144374,-0.23013173782865015,0.40822503734869264,-0.31549922584226964,7.220808333333309,0.9169652366288645,0.05555555555555555,0.016666666666666666,0.9660548039946861,1,0.25
300280,Ichinsky,10_north_asia,55.678,157.718,95,34.88969639611843,-0.18049398844476452,1.32073188562013e-18,-0.7531661005621787,-7.577293181818184,4.440892098500626e-16,-0.5646136618141098,-0.7519036954087346,1.6217750478605828e-18,0,0.0
300450,Alney-Chashakondzha,10_north_asia,56.656,159.647,80,47.51273127228219,-0.023229486339167084,0.33422399828123317,-0.1093588170896685,-1.4663369950738916,0.32479356737896437,-0.07531645569620253,-0.11087669948429443,0.32751753288036045,0,0.0
300520,Sedanka Lava Field,10_north_asia,57.317,160.067,11,0.475731284690054,0.0325667257360264,0.26243033913962965,0.41837485271959496,15.96144999999999,0.21291190281150452,0.3090909090909091,0.13333333333333333,0.7323675052362975,0,0.0
300550,Gorny Institute,10_north_asia,57.33,160.2,54,12.94444676954867,-0.03175539782179695,0.06655053619335118,-0.2589274132038312,-4.540508,0.0019122869886118998,-0.2914046121593291,-0.27819004524886876,0.04808328601311861,0,0.0
300590,Elovsky,10_north_asia,57.55,160.53,21,1.0601999218939948,0.018571073425119763,0.1376074525482454,0.33506696583325657,6.642700000000007,0.0571180853056803,0.3047619047619048,0.35844155844155845,0.11058955072221294,0,0.0
300650,Nylgimelkin,10_north_asia,57.97,160.65,22,31.122458308592577,-0.02285191648680332,0.6347620192504766,-0.10724496300071323,-16.639399999999977,0.2593548928200182,-0.1774891774891775,-0.20722755505364204,0.35478551222580323,0,0.0
300671,Spokoiny,10_north_asia,58.13,160.82,66,33.67982163256791,-0.14994438000162574,4.894901819655512e-19,-0.868706179982286,-9.321436363636366,2.091792778990964e-07,-0.43776223776223777,-0.8950905902980715,1.1860100686880539e-21,0,0.0
300680,Ostry,10_north_asia,58.18,160.82,65,50.42469155356199,-0.18474263099163446,1.927494735823423e-10,-0.7242209287038514,-10.463508571428576,7.285769698661682e-08,-0.4576923076923077,-0.7086466165413533,6.943575086826447e-10,0,0.0
300700,Severny,10_north_asia,58.28,160.87,82,15.135985023480174,-0.08407731159939272,9.113409149386812e-08,-0.5492629391285301,-4.031524074074072,3.5323001965625878e-06,-0.3489912676904547,-0.491625036732295,2.7281058121378628e-06,0,0.0
213010,Erciyes Volcanic Complex,12_caucasus_middle_east,38.531,35.447,1,0.873476224512372,,,,,,,,,0,0.0
213040,Ararat,12_caucasus_middle_east,39.7,44.3,1,6.105847309894562,,,,,,,,,0,0.0
214010,Elbrus,12_caucasus_middle_east,43.351,42.442,27,121.74934230909417,-0.0440718399838777,0.15718730048720053,-0.2800072115010596,-7.309046666666685,0.2783473662511158,-0.150997150997151,-0.31537170265158004,0.1090724730615263,0,0.0
214020,Kazbek,12_caucasus_middle_east,42.7,44.5,29,46.773211706641085,-0.08530698442333462,0.0037817572285289546,-0.5206805057267571,-11.900238888888882,0.0025273466528255017,-0.39901477832512317,-0.5413793103448274,0.0024224396244706585,0,0.0
232010,Damavand,12_caucasus_middle_east,35.951,52.109,7,1.208709459373826,-0.3135643896769783,0.009829788960857892,-0.8754096958775234,-49.66630000000005,0.016260936780450264,-0.8095238095238095,-0.9285714285714288,0.0025194724037946874,0,0.0
341082,Iztaccihuatl,16_low_latitudes,19.179,-98.642,3,0.430734804735443,,,,,,,,,0,0.0
341100,"Orizaba, Pico de",16_low_latitudes,19.03,-97.27,4,1.196972776533907,-0.4035788513444799,0.6287852908461586,-0.3712147091538412,-61.788699999999906,0.7340951823194757,-0.3333333333333333,-0.39999999999999997,0.6,0,0.0
351020,"Ruiz, Nevado del",16_low_latitudes,4.892,-75.324,4,13.163581640855758,-0.1827666799480801,0.016065333047124566,-0.9839346669528755,-134.42278333333343,0.3081795474670539,-0.6666666666666666,-0.7999999999999999,0.20000000000000007,1,0.05
351021,Santa Isabel,16_low_latitudes,4.818,-75.365,1,3.811688179917531,,,,,,,,,0,0.0
351030,"Tolima, Nevado del",16_low_latitudes,4.658,-75.33,3,1.244738192676149,,,,,,,,,0,0.0
351050,"Huila, Nevado del",16_low_latitudes,2.93,-76.03,5,11.893670049032675,-0.078962542862163,0.09659186012136826,-0.809923162840934,-18.867437500000165,0.22067136191984682,-0.6,-0.7999999999999999,0.10408803866182788,1,0.15
352006,Cayambe,16_low_latitudes,0.029,-77.986,6,20.424533856427924,-0.1553434151986101,0.11870509181098918,-0.7036720141403877,-69.3032000000001,0.13285495573105388,-0.6,-0.7714285714285715,0.07239650145772594,0,0.0
352030,Antisana,16_low_latitudes,-0.481,-78.141,3,18.709036918032623,,,,,,,,,0,0.0
352041,Iliniza,16_low_latitudes,-0.662,-78.716,1,4.414787670236152,,,,,,,,,0,0.0
352050,Cotopaxi,16_low_latitudes,-0.677,-78.436,5,13.654193642398473,-0.21075837556542196,0.16763558184466829,-0.7228964010642099,-69.3354250000001,0.80649594050734,-0.2,-0.3,0.6238376647810728,0,0.0
352071,Chimborazo,16_low_latitudes,-1.469,-78.817,10,19.26026928326832,-0.11838512041856691,0.03845971617131598,-0.6583982572375402,-38.19015000000013,0.10740463633025366,-0.4222222222222222,-0.6484848484848483,0.04254012768448945,0,0.0
352080,Tungurahua,16_low_latitudes,-1.467,-78.442,2,0.910810223915039,,,,,,,,,1,0.2
352090,Sangay,16_low_latitudes,-2.005,-78.341,5,6.409032378224348,-0.06949212420020513,0.2884483884684046,-0.5963820844733906,3.4525750000000244,0.80649594050734,0.2,0.0,1.0,0,0.0
354003,Coropuna,16_low_latitudes,-15.52,-72.65,11,43.50903768095594,-0.03948422097526299,0.005663953541583847,-0.7690479310446376,-21.031150000000025,0.04296014602842502,-0.4909090909090909,-0.690909090909091,0.018565033381595004,0,0.0
354006,Sabancaya,16_low_latitudes,-15.787,-71.857,8,2.1855267973440418,-0.0728254081876295,0.19147461633293159,-0.5150530853121942,-63.21202499999981,0.06348653056076747,-0.5714285714285714,-0.6904761904761906,0.057990318164572716,1,0.15
355010,Tacora,16_low_latitudes,-17.72,-69.77,1,0.519380348794773,,,,,,,,,0,0.0
355012,Parinacota,16_low_latitudes,-18.166,-69.142,5,5.152149874051597,0.019173319004327574,0.755687227780815,0.19308944659388133,-4.458708333333409,1.0,0.0,0.09999999999999999,0.8728885715695383,0,0.0
355020,Guallatiri,16_low_latitudes,-18.42,-69.092,3,0.903082759726205,,,,,,,,,0,0.0
355040,Irruputuncu,16_low_latitudes,-20.73,-68.55,1,0.030364175129076,,,,,,,,,1,0.05
355110,Llullaillaco,16_low_latitudes,-24.72,-68.53,3,0.293456849309338,,,,,,,,,0,0.0
355123,"Nevada, Sierra",17_southern_andes,-26.48,-68.58,67,7.152459888232059,-0.0788684174351845,8.822798787975794e-09,-0.6333701586275885,-5.7789272727272625,6.249107609157534e-08,-0.4527363184079602,-0.6314949317583207,1.0060091666213219e-08,0,0.0
355124,Falso Azufre,17_southern_andes,-26.8,-68.37,9,0.732220130898803,-0.09365146938857566,0.0007958561257645346,-0.904866627520101,-55.476524999999924,0.00914914757959373,-0.7222222222222222,-0.8833333333333333,0.0015905004234978686,0,0.0
355125,"Incahuasi, Nevado de",17_southern_andes,-27.033,-68.296,10,0.552759552272609,-0.3653451696131867,8.380715089087083e-08,-0.9881936044703757,-140.64640000000054,0.00034661935113455833,-0.9111111111111111,-0.9757575757575757,1.4675461874042197e-06,0,0.0
355130,"Ojos del Salado, Nevados",17_southern_andes,-27.109,-68.541,73,8.102803806747396,-0.1756000291069445,1.9684688978506775e-15,-0.7722734751340208,-10.169508276125098,1.6209256159527285e-13,-0.5898021308980214,-0.7693099234677472,2.929679322879609e-15,1,0.05
355131,"Solo, El",17_southern_andes,-27.105,-68.713,5,0.62658928537649,-0.06896003473895654,0.2650941920268523,-0.6194849157692139,-78.39999999999986,0.4624327264504764,-0.4,-0.39999999999999997,0.5046315754686911,0,0.0
355190,"Condor, El",17_southern_andes,-26.632,-68.361,6,0.138476707100769,-0.21154808892925892,0.09656689901160324,-0.7342263580045479,-36.90316666666695,0.2596563563704499,-0.4666666666666667,-0.4285714285714286,0.3965014577259474,0,0.0
355220,Tipas,17_southern_andes,-27.196,-68.561,75,6.14441443099086,-0.13683867383096257,8.499218337225454e-17,-0.7876283374579672,-6.977779310344823,1.1746159600534156e-13,-0.5848648648648649,-0.7894409477971119,6.460291207880232e-17,0,0.0
357010,Tupungatito,17_southern_andes,-33.425,-69.797,25,90.27679444054702,0.014724914922355406,0.7148374664626922,0.076902144165024,-6.079144444444481,0.4690632682744802,-0.10666666666666667,-0.13692307692307693,0.5139816221819469,0,0.0
357020,San Jose,17_southern_andes,-33.789,-69.895,30,66.31478145972477,-0.15925586216085633,0.02008306227789866,-0.4223164888615962,-19.90381111111113,0.045695472216719324,-0.2597701149425287,-0.35572858731924356,0.053699323257581914,0,0.0
357021,Maipo,17_southern_andes,-34.164,-69.832,29,6.489934831880767,-0.3453954698106948,2.3868846585119137e-09,-0.8593842857524302,-44.55039562937061,3.1367344721644486e-08,-0.729064039408867,-0.8876847290640392,1.3677426214652944e-10,0,0.0
357022,Palomo,17_southern_andes,-34.608,-70.295,23,89.63949887634577,-0.09504581099290231,0.02427328056941986,-0.46812723175670823,-10.85920000000001,0.10153683396733748,-0.2490118577075099,-0.358695652173913,0.09280630150475398,0,0.0
357023,"Atuel, Caldera del",17_southern_andes,-34.592,-69.921,5,0.7411220003895831,-0.42751149384225146,0.35356958122607374,-0.5343532559215123,-102.24024999999992,0.22067136191984682,-0.6,-0.7,0.1881204043741873,0,0.0
357024,Risco Plateado,17_southern_andes,-34.917,-69.981,9,3.714410431634142,-0.11305960035914664,0.04402404720646663,-0.6796346181513735,-60.675030000000014,0.07633274037635718,-0.5,-0.6833333333333333,0.04244227208707231,0,0.0
357030,Tinguiririca,17_southern_andes,-34.814,-70.352,29,19.964574798373384,-0.15228599491156808,6.220726874656819e-06,-0.7326261910997647,-22.903233333333365,1.2388947222774505e-05,-0.5763546798029556,-0.7236453201970441,9.158238809761382e-06,1,0.05
357040,Planchon-Peteroa,17_southern_andes,-35.223,-70.568,17,10.546633217036712,-0.0404163190576486,0.14578944964872592,-0.36829498969022145,-12.02482916666662,0.07651365424139889,-0.3235294117647059,-0.411764705882353,0.10054017943009602,1,0.15
357042,Calabozos,17_southern_andes,-35.558,-70.496,6,0.7949982895995761,-0.14226749545951284,0.013233228082045481,-0.9045427295421522,-61.31790000000001,0.024170547174545254,-0.8666666666666667,-0.942857142857143,0.004804664723032055,0,0.0
357050,Descabezado Grande,17_southern_andes,-35.58,-70.75,12,3.0203938908573806,-0.14899933976721397,0.002238412477256457,-0.7898985859752006,-25.72884583333331,0.08647112777407262,-0.3939393939393939,-0.5944055944055945,0.04152149441031855,0,0.0
357060,"Azul, Cerro",17_southern_andes,-35.653,-70.761,11,1.9629459167212362,-0.35291962407110233,0.0008630852956888977,-0.8769232450969183,-110.95623333333333,0.001076632864587701,-0.7818181818181819,-0.9636363636363635,7.320974809529922e-06,0,0.0
357062,San Pedro-Pellado,17_southern_andes,-35.989,-70.849,15,1.503296635054666,-0.1283398590200878,0.053617353969474535,-0.507227079454432,-36.75383999999999,0.0075331703386321,-0.5238095238095238,-0.7464285714285712,0.001391411089063054,0,0.0
357063,"Longavi, Nevado de",17_southern_andes,-36.1959,-71.1641,23,2.252656365611148,-0.24703455719719933,1.6974952088257602e-06,-0.8197575785632937,-19.230955555555585,1.5343962649350118e-06,-0.7233201581027668,-0.9011857707509882,4.48681122881196e-09,0,0.0
357070,"Chillan, Nevados de",17_southern_andes,-36.868,-71.378,19,2.395251268378191,-0.027707473674831173,0.3795389974828539,-0.21376561496395322,-17.930944444444474,0.00962740239307891,-0.43859649122807015,-0.512280701754386,0.024930772015074765,1,0.1
357072,Tromen Volcanic Plateau,17_southern_andes,-37.144,-70.033,23,1.1706470550390051,-0.17023896020917606,5.633056197911122e-08,-0.8726979126465827,-26.396120000000003,9.123964935353612e-06,-0.6679841897233202,-0.8448616600790515,3.951436137199726e-07,0,0.0
357080,Antuco,17_southern_andes,-37.406,-71.349,6,2.3324203992262382,-0.08867578506663762,0.01657136577489884,-0.8929658169720525,-51.94766666666661,0.008534920414227098,-1.0,-1.0,0.0,0,0.0
357090,Copahue,17_southern_andes,-37.856,-71.183,42,5.846643895266351,-0.13429160419217162,1.128903693657829e-07,-0.713610064735767,-9.190038095238098,7.738492882047865e-07,-0.5307781649245064,-0.7090997488047971,1.4723503437435865e-07,1,0.2
357091,Callaqui,17_southern_andes,-37.92,-71.45,22,9.43042611232252,-0.15800370146371986,4.463684496077032e-07,-0.8533668979251048,-20.966612499999997,2.1663549820694072e-06,-0.7316017316017316,-0.8836815358554491,5.021997646195018e-08,1,0.05
357093,Tolhuaca,17_southern_andes,-38.31,-71.645,16,3.631020952704154,-0.21023627167104458,0.003394273701712203,-0.6852525836136142,-19.482474999999994,0.010279478485212934,-0.48333333333333334,-0.5911764705882353,0.01587557955564148,0,0.0
357100,Lonquimay,17_southern_andes,-38.379,-71.586,8,0.9537366118084021,-0.2629474424878042,0.00397030175588405,-0.8796887899471171,-72.45634999999996,0.009374768459434968,-0.7857142857142857,-0.9047619047619048,0.0020082755054294677,0,0.0
357110,Llaima,17_southern_andes,-38.692,-71.729,31,14.755291812330405,-0.08910024876824033,0.00038689241432400084,-0.5974668605888132,-10.31985000000003,9.261151253348032e-05,-0.4967741935483871,-0.6608870967741937,5.1906108875073576e-05,1,0.55
357111,Sollipulli,17_southern_andes,-38.97,-71.52,26,15.39488602930168,0.00756757896767834,0.6584187498621064,0.09099751597919056,-1.3802777777777666,0.7243397423849234,-0.052307692307692305,-0.10017094017094016,0.6263427740468223,0,0.0
357120,Villarrica,17_southern_andes,-39.42,-71.93,6,28.801675258694306,0.23469776671137635,0.2003004447502429,0.6080818794677811,67.47974999999997,0.13285495573105388,0.6,0.7714285714285715,0.07239650145772594,1,0.6
357121,Quetrupillan,17_southern_andes,-39.496,-71.722,28,5.526370645110486,-0.11593546739327226,6.360917861537693e-10,-0.8807005754834141,-12.464451010101012,4.4191836856555256e-09,-0.7883597883597884,-0.9370552818828681,2.166210240865913e-13,0,0.0
357122,Lanin,17_southern_andes,-39.637,-71.502,28,8.59710814756527,-0.3691634592904226,5.153046308390869e-10,-0.8827248330549579,-50.87142083333339,1.795753923339305e-08,-0.7566137566137566,-0.90311986863711,4.8439660655514166e-11,0,0.0
357123,Huanquihue Group,17_southern_andes,-39.887,-71.58,4,0.070395458026132,-0.02786832691163058,0.1982635137113926,-0.8017364862886074,-17.303350000000023,0.3081795474670539,-0.6666666666666666,-0.7999999999999999,0.20000000000000007,0,0.0
357130,Mocho-Choshuenco,17_southern_andes,-39.927,-72.027,17,18.22608906740448,-0.08049434789954857,0.00027676484908762463,-0.7726893007715391,-20.963322380952377,0.0002462354313896853,-0.6617647058823529,-0.8161764705882354,6.449255889681113e-05,0,0.0
357150,Puyehue-Cordon Caulle,17_southern_andes,-40.59,-72.117,13,2.1694608390006267,-0.0056444327470765165,0.8208801153016647,-0.06974750882714975,-1.5568450000000136,0.760332307521876,-0.07692307692307693,-0.14835164835164835,0.6286094178894162,1,0.05
357153,Antillanca Volcanic Complex,17_southern_andes,-40.783,-72.15,5,0.158390153561139,-0.1305678617177948,0.08217297942400718,-0.829702513239025,-56.11482500000005,0.22067136191984682,-0.6,-0.7,0.1881204043741873,0,0.0
357160,Puntiagudo-Cordon Cenizos,17_southern_andes,-40.969,-72.264,12,2.077077616614077,-0.16052446166962456,0.0026324472605552254,-0.782381205127927,-23.635920000000013,0.011174811327380407,-0.5757575757575758,-0.7342657342657343,0.006543490146837885,0,0.0
358010,Osorno,17_southern_andes,-41.105,-72.496,8,6.034813877022158,-0.18170545355985068,0.0027342438479289483,-0.8941537029657443,-43.38348749999997,0.035447892552460836,-0.6428571428571429,-0.8333333333333335,0.01017554012345675,0,0.0
358011,Tronador,17_southern_andes,-41.157,-71.885,32,65.15559509077232,-0.09595419997079618,0.010843288221572793,-0.44432358688200185,-13.841774891774888,0.0026994076056261473,-0.375,-0.5128299120234603,0.002688910794880137,0,0.0
358020,Calbuco,17_southern_andes,-41.33,-72.618,8,1.478744589126436,-0.1946969806844851,0.10748755698508519,-0.6111066726533159,-16.535583333333328,0.1735462217878534,-0.42857142857142855,-0.4761904761904762,0.23293553465009798,0,0.0
358022,Yate,17_southern_andes,-41.755,-72.396,19,16.182009801060985,-0.04179956782611179,0.000958004011352734,-0.6949546328785967,-12.019349999999974,0.0012878545044214817,-0.543859649122807,-0.719298245614035,0.0005183542895819854,0,0.0
358040,Michinmahuida,17_southern_andes,-42.799,-72.445,15,76.16041588495827,-0.049375437252111326,0.04957873442666042,-0.5147867135972533,-16.461299999999937,0.002985470891268882,-0.580952380952381,-0.7071428571428571,0.0031954812582450634,0,0.0
358049,Yanteles,17_southern_andes,-43.469,-72.782,21,42.36490745847718,0.0027755091212179504,0.8088943023341469,0.05617476970666771,-0.25647152777777726,0.975910003234818,-0.009523809523809525,0.011688311688311687,0.9598958988557218,0,0.0
358050,Corcovado,17_southern_andes,-43.189,-72.794,7,4.252745185379438,-0.1786911900270261,0.3942062895928822,-0.3846555394753584,-26.08443333333336,0.36752073824214304,-0.3333333333333333,-0.4642857142857144,0.2939341076002517,0,0.0
358052,Melimoyu,17_southern_andes,-44.08,-72.88,9,55.68461974058193,-0.02880103609386203,0.35496352158800293,-0.35058291371119693,-16.828100000000003,0.17530808080827365,-0.3888888888888889,-0.5499999999999999,0.12497678418833198,0,0.0
358053,Puyuhuapi,17_southern_andes,-44.3,-72.53,3,2.147884204226885,,,,,,,,,0,0.0
358054,Mentolat,17_southern_andes,-44.7,-73.08,10,3.40530995592221,-0.11624653955368242,0.008422219374529432,-0.7752710503292238,-23.14340000000002,0.020044668622627437,-0.6,-0.7818181818181817,0.007547007781067878,0,0.0
358055,Cay,17_southern_andes,-45.059,-72.984,12,5.50792436636594,-0.15011232910929417,0.0060085507643517075,-0.739240240587663,-26.83986250000001,0.016393316888809073,-0.5454545454545454,-0.7132867132867133,0.009201779777634755,0,0.0
358056,Maca,17_southern_andes,-45.1,-73.17,17,16.823431999806488,0.002474363785747804,0.8885241748368382,0.036787508175672445,-3.1515669642857245,0.5923012814329898,-0.10294117647058823,-0.17647058823529413,0.49806765732373415,0,0.0
358057,"Hudson, Cerro",17_southern_andes,-45.9,-72.97,11,112.09672815527209,0.013829881573717026,0.6300399469698406,0.16394118985674344,4.705299999999982,0.640428787412791,0.12727272727272726,0.19090909090909092,0.5739131682855215,1,0.05
358060,Lautaro,17_southern_andes,-49.019,-73.504,4,2498.5571371367946,-0.1019438186412526,0.6694033665705894,-0.3305966334294105,-4.35566666666665,1.0,0.0,0.0,1.0,0,0.0
358062,Aguilera,17_southern_andes,-50.33,-73.75,4,600.1020639283528,-0.006703083282287088,0.9599032431879264,-0.040096756812070374,-25.73414333333337,0.7340951823194757,-0.3333333333333333,-0.6000000000000001,0.3999999999999999,0,0.0
358063,Reclus,17_southern_andes,-50.964,-73.585,12,612.92873427771,-0.0016221631984221115,0.9628210229200156,-0.015112248665243229,-2.82460357142857,0.837011475105446,-0.06060606060606061,-0.08391608391608392,0.7954145018538977,0,0.0
358064,Meullin,17_southern_andes,-45.22,-73.05,8,2.368991207780176,-0.007234857688478081,0.8835086336718266,-0.06228966385090214,4.1390857142858,0.7105230229164894,0.14285714285714285,0.11904761904761905,0.7788857260523797,0,0.0
358070,"Burney, Monte",17_southern_andes,-52.33,-73.4,12,14.95790710939305,-0.09985127657611258,0.08395254673001153,-0.5187825424357819,-40.59214727272726,0.11475673431864908,-0.36363636363636365,-0.4755244755244756,0.11817595701303213,0,0.0
241100,Ruapehu,18_new_zealand,-39.28,175.57,12,3.7223364998104342,-0.09747936190618726,0.1544934785263321,-0.4379175246123192,-17.760304166666657,0.14986074751304912,-0.3333333333333333,-0.4125874125874127,0.18256397857316675,1,0.55
234010,Heard,19_subantarctic_antarctic_islands,-53.106,73.513,16,226.07031683459317,-0.06562576104532555,0.19765025433639044,-0.33994928426194354,-12.16153173076923,0.49946120310401465,-0.13333333333333333,-0.19705882352941176,0.46446421122573867,1,0.3
234020,Kerguelen Islands,19_subantarctic_antarctic_islands,-49.58,69.5,72,40.899010627466076,-0.09031053606850661,9.806626529547397e-06,-0.4951153624052422,-5.45114599378882,1.5604041658789924e-07,-0.4225352112676056,-0.5611936458936266,2.930834492223021e-07,0,0.0
234070,Marion Island,19_subantarctic_antarctic_islands,-46.9,37.75,1,0.527697956284958,,,,,,,,,1,0.05
386020,Bouvet,19_subantarctic_antarctic_islands,-54.408,3.351,11,43.45573604895091,0.024183858421264144,0.5310569041957264,0.21219425372047265,8.850267999999994,0.7554968749288828,0.09090909090909091,0.16363636363636366,0.6306852146425357,0,0.0
390010,Buckle Island,19_subantarctic_antarctic_islands,-66.78,163.25,8,81.08136206129373,0.1097049499398583,0.11772095997345537,0.5975619800925962,63.31170100000001,0.1735462217878534,0.42857142857142855,0.6190476190476191,0.1017330374542646,0,0.0
390011,Young Island,19_subantarctic_antarctic_islands,-66.42,162.47,10,148.99650965965017,0.002909678985210981,0.9478187738415724,0.023867867097511007,-3.431353333333334,1.0,-0.022222222222222223,-0.1515151515151515,0.6760651759978538,0,0.0
390012,Sturge Island,19_subantarctic_antarctic_islands,-67.4,164.83,5,173.34333114597416,-0.06791374095285341,0.5381574390659885,-0.37145887236542285,-30.49642,1.0,0.0,-0.09999999999999999,0.8728885715695383,0,0.0
390020,Erebus,19_subantarctic_antarctic_islands,-77.53,167.17,8,1460.1975881404892,-0.17077620950344957,0.6019304189320491,-0.21922656401989501,-89.77042500000002,0.536186771900174,-0.21428571428571427,-0.19047619047619052,0.6514014957024814,0,0.0
390030,Deception Island,19_subantarctic_antarctic_islands,-62.9567,-60.6367,22,42.70763710241661,0.011791200031920811,0.5715241971086007,0.12758323893516862,0.41510111111111314,0.9101956836196836,0.021645021645021644,0.0536420101637493,0.8125892965812408,0,0.0
390031,Penguin Island,19_subantarctic_antarctic_islands,-62.1,-57.93,3,105.66911527850098,,,,,,,,,0,0.0
390070,Southern Thule,19_subantarctic_antarctic_islands,-59.442,-27.225,5,18.139902639123978,0.016037867131118582,0.7085091096294067,0.23100778446776934,2.2273349999999965,1.0,0.0,0.09999999999999999,0.8728885715695383,0,0.0
390080,Bristol Island,19_subantarctic_antarctic_islands,-59.017,-26.533,4,61.79384902825825,-0.022947789363254915,0.1936529090421083,-0.8063470909578917,-13.863118333333333,0.3081795474670539,-0.6666666666666666,-0.7999999999999999,0.20000000000000007,0,0.0
390081,Montagu Island,19_subantarctic_antarctic_islands,-58.445,-26.374,1,100.81094392505369,,,,,,,,,1,0.1
390090,Saunders,19_subantarctic_antarctic_islands,-57.8,-26.483,1,20.357597241505182,,,,,,,,,1,0.15
390100,Candlemas Island,19_subantarctic_antarctic_islands,-57.08,-26.67,6,3.761786099425354,-0.06100744827689651,0.36383522971503324,-0.4556416670784679,-33.72485,0.2596563563704499,-0.4666666666666667,-0.6,0.20799999999999982,0,0.0
390110,Hodson,19_subantarctic_antarctic_islands,-56.712,-27.176,8,23.13489888226381,0.08131195687391365,0.1911796589828553,0.5153446207881113,37.58333333333333,0.1735462217878534,0.42857142857142855,0.6190476190476191,0.1017330374542646,0,0.0
390130,Zavodovski,19_subantarctic_antarctic_islands,-56.3,-27.57,2,0.231699546276104,,,,,,,,,0,0.0
390829,Mount Haddington Volcanic Field,19_subantarctic_antarctic_islands,-64.15,-57.75,1,1932.014139764749,,,,,,,,,0,0.0
390847,Melville,19_subantarctic_antarctic_islands,-62.02,-57.67,3,46.94071289359482,,,,,,,,,0,0.0
